id,review_scores_rating,number_of_reviews
40601,100,55
5153080,100,49
3629014,100,48
4457943,100,44
8518237,100,42
6390634,100,41
5088560,100,38
8733896,100,37
8704161,100,24
3415033,100,24
10671192,100,24
6677469,100,23
6895050,100,21
4402209,100,20
11202183,100,20
11122394,100,19
1757417,100,19
5684598,100,19
5726250,100,18
9590679,100,17
9013631,100,16
9463444,100,16
8523157,100,16
5919529,100,15
13298546,100,15
8480507,100,15
3343428,100,14
3458030,100,14
13296735,100,14
14105971,100,13
11121872,100,13
9273,100,13
1301500,100,13
11992431,100,13
1403408,100,12
3783090,100,12
6939162,100,12
7879708,100,12
13550969,100,11
6862758,100,11
7205210,100,11
13083058,100,11
14178758,100,11
7961477,100,11
8827268,100,11
9415687,100,11
8301926,100,11
6118583,100,10
4588530,100,10
13188046,100,10
9340410,100,10
12033661,100,10
3808557,100,10
13140867,100,9
8428052,100,9
5885130,100,9
8133752,100,9
3351728,100,9
8417742,100,9
1596470,100,9
11494020,100,9
8371115,100,9
7634067,100,9
583255,100,9
14086516,100,9
12997334,100,8
12069214,100,8
5049582,100,8
629814,100,8
9425902,100,8
3593290,100,8
12386020,100,8
6911945,100,8
8371203,100,8
12797493,100,8
11470818,100,8
13375092,100,8
12647606,100,8
2649521,100,8
10379031,100,8
8596320,100,8
13275334,100,8
8420956,100,8
12191871,100,7
12855005,100,7
851927,100,7
5592866,100,7
13318173,100,7
7633883,100,7
10787333,100,7
13951039,100,7
12683680,100,7
8789821,100,7
4339392,100,7
6104388,100,7
12221012,100,6
6879036,100,6
11648212,100,6
8747720,100,6
9460898,100,6
9057435,100,6
11624428,100,6
7554801,100,6
13531200,100,6
5588537,100,6
14153636,100,6
965554,100,6
13605196,100,6
13513012,100,6
2592416,100,6
1421610,100,6
9329398,100,6
12541136,100,6
9755993,100,6
13746896,100,6
5918944,100,5
9459945,100,5
8275122,100,5
13378923,100,5
11474629,100,5
2374089,100,5
10034183,100,5
8460627,100,5
3641545,100,5
9364092,100,5
4294557,100,5
7789429,100,5
11906382,100,5
5445126,100,5
4119345,100,5
6644330,100,5
14221294,100,5
10634364,100,5
7635616,100,5
9273978,100,5
13081090,100,5
12825412,100,5
14414473,100,4
2880944,100,4
14591627,100,4
13872339,100,4
13074722,100,4
12268144,100,4
8310660,100,4
12626504,100,4
8481291,100,4
5352623,100,4
14426124,100,4
13378936,100,4
13015653,100,4
4173285,100,4
8226982,100,4
8828147,100,4
13642397,100,4
5495547,100,4
3703674,100,4
5891012,100,4
9626892,100,4
3236496,100,4
13813380,100,4
4698487,100,4
13190410,100,4
12587887,100,4
11788394,100,4
13546070,100,4
11686744,100,4
1401625,100,4
8325477,100,4
12143408,100,4
5659866,100,4
6000531,100,4
8613870,100,4
14217967,100,4
12891323,100,4
7698631,100,4
12949270,100,3
9918240,100,3
3997572,100,3
9685076,100,3
5317935,100,3
2821921,100,3
12599820,100,3
9826706,100,3
5727231,100,3
12094488,100,3
6939759,100,3
12492474,100,3
7582651,100,3
12971329,100,3
9183638,100,3
737519,100,3
735970,100,3
14714374,100,3
11947150,100,3
13192046,100,3
1721016,100,3
13714934,100,3
5851489,100,3
14698794,100,3
10749312,100,3
14124430,100,3
13549924,100,3
12508801,100,3
9953144,100,3
10835494,100,3
7982359,100,3
10279083,100,3
4080849,100,3
8327907,100,3
14219033,100,3
11905849,100,3
14843783,100,3
12618291,100,3
11885653,100,3
7920759,100,3
11990528,100,3
10186477,100,3
5067019,100,3
10228457,100,3
2769450,100,3
12932001,100,3
13449049,100,3
6027467,100,3
12608363,100,2
7713815,100,2
3342206,100,2
13924495,100,2
7280665,100,2
8052494,100,2
10611728,100,2
8732121,100,2
10478553,100,2
3415245,100,2
14506396,100,2
14461747,100,2
10117329,100,2
11569331,100,2
12707324,100,2
13622776,100,2
14461498,100,2
13249829,100,2
12843196,100,2
6921241,100,2
8758450,100,2
8303267,100,2
4461111,100,2
3820516,100,2
4461901,100,2
8189821,100,2
13707814,100,2
13015927,100,2
5660081,100,2
7006683,100,2
6291807,100,2
14013583,100,2
9331460,100,2
12126299,100,2
7454907,100,2
8161218,100,2
14254537,100,2
13239143,100,2
12176027,100,2
9473816,100,2
13996398,100,2
14711359,100,2
12534735,100,2
8272350,100,2
7293671,100,2
12699603,100,2
7724412,100,2
9238963,100,2
14592547,100,2
8134231,100,2
13801598,100,2
6053700,100,2
13578106,100,2
9712731,100,2
4710583,100,2
10050351,100,2
14400847,100,2
8336347,100,2
14443295,100,2
13968572,100,2
8921130,100,2
11474130,100,2
10208321,100,2
9949819,100,2
8014683,100,2
13078025,100,2
9078482,100,2
11799482,100,2
11940785,100,2
11592154,100,2
6684904,100,2
14368660,100,2
9834617,100,2
13435185,100,2
11061030,100,2
7832890,100,2
14522631,100,2
9574727,100,2
7054912,100,2
14071446,100,2
13478868,100,2
1222327,100,2
8461819,100,2
13265095,100,2
799701,100,2
14679817,100,2
13490438,100,2
10656576,100,2
7240775,100,2
8983081,100,2
7093109,100,2
12833084,100,2
7620413,100,2
14402688,100,2
8680170,100,2
7837202,100,2
13460331,100,2
7185881,100,2
14778561,100,2
5725804,100,2
6400348,100,2
5584915,100,2
14035936,100,2
4978467,100,2
9626428,100,1
6287797,100,1
5856633,100,1
7645862,100,1
646087,100,1
9430774,100,1
13555596,100,1
7511737,100,1
13866156,100,1
7694365,100,1
6640662,100,1
8201104,100,1
12998582,100,1
14770892,100,1
5590505,100,1
12034317,100,1
12208307,100,1
7592616,100,1
14663743,100,1
7740592,100,1
6476613,100,1
9508975,100,1
7052171,100,1
13713445,100,1
13024208,100,1
8309604,100,1
14055887,100,1
2684840,100,1
13530359,100,1
1214214,100,1
13355213,100,1
639101,100,1
11530331,100,1
5932267,100,1
12873559,100,1
8048838,100,1
12592696,100,1
10882267,100,1
11528125,100,1
7474044,100,1
14655187,100,1
13090471,100,1
11036835,100,1
10860611,100,1
5858133,100,1
9991857,100,1
12262803,100,1
14603013,100,1
14682931,100,1
13017460,100,1
9541666,100,1
9343915,100,1
14651378,100,1
9327506,100,1
14683493,100,1
9228519,100,1
13028247,100,1
12998272,100,1
8029788,100,1
1589392,100,1
7783953,100,1
11866869,100,1
9470342,100,1
7678756,100,1
5212321,100,1
3420384,100,1
6373729,100,1
8970779,100,1
14774426,100,1
10411383,100,1
12274601,100,1
9390951,100,1
9865550,100,1
14533011,100,1
8015793,100,1
4112178,100,1
14759485,100,1
13512930,100,1
13397390,100,1
12022134,100,1
11398458,100,1
13655073,100,1
12303347,100,1
13586128,100,1
13024385,100,1
5719606,100,1
12302222,100,1
1929406,100,1
10116429,100,1
4489920,100,1
10116601,100,1
14025410,100,1
6693305,100,1
9349646,100,1
12986016,100,1
14742722,100,1
14104621,100,1
12726343,100,1
13248823,100,1
4644455,100,1
14572511,100,1
7514336,100,1
5511911,100,1
9137560,100,1
7080514,100,1
1886037,100,1
5768195,100,1
10945774,100,1
4653267,100,1
14074739,100,1
11159585,100,1
4759640,100,1
10190260,100,1
9905304,100,1
12368082,100,1
9922595,100,1
14813006,100,1
11983535,100,1
13298137,100,1
14760739,100,1
10249798,100,1
12752020,100,1
9166393,100,1
13078148,100,1
7618925,100,1
67946,100,1
8518665,100,1
54487,100,1
12287958,100,1
13363171,100,1
8082512,100,1
14486237,100,1
12384469,100,1
14469894,100,1
14414330,100,1
12973308,100,1
6951829,100,1
11087731,100,1
6844012,100,1
14360470,100,1
6790961,100,1
14823724,100,1
11985521,100,1
10033715,100,1
4644069,100,1
6921672,100,1
13866603,100,1
12899026,100,1
5498472,100,1
8097453,100,1
8146576,100,1
951480,100,1
12796034,100,1
13079902,100,1
13824970,100,1
5447285,100,1
9723217,100,1
1961034,100,1
13684319,100,1
7735518,100,1
13374823,100,1
14767573,100,1
14692682,100,1
7513906,100,1
13487348,100,1
9591772,100,1
14474114,100,1
7106162,100,1
6005290,100,1
11410652,100,1
10074653,100,1
7939556,100,1
13281106,100,1
1628130,100,1
13242393,100,1
6965516,100,1
13699440,100,1
771309,100,1
8291550,100,1
13861258,100,1
10905777,100,1
13221129,100,1
10051357,100,1
10054046,100,1
10052824,100,1
11735784,100,1
11572070,100,1
14387692,100,1
11970702,100,1
13532311,100,1
4585452,100,1
13282275,100,1
14693220,100,1
7841193,100,1
2875267,99,148
2295530,99,122
3721095,99,98
29765,99,90
2947662,99,84
2277821,99,83
44205,99,76
2378421,99,63
7287822,99,59
4262255,99,57
6066455,99,56
2167993,99,56
3229255,99,53
8458210,99,48
820073,99,46
4586681,99,42
11866651,99,40
8595650,99,38
5783197,99,35
4160585,99,34
4995033,99,33
962610,99,33
9218312,99,33
9218362,99,32
2583074,99,31
4530670,99,30
9231486,99,30
7651065,99,29
8471852,99,28
5004278,99,28
10542140,99,25
5384923,99,23
3842286,99,22
197727,99,22
6444303,99,21
10749794,99,21
10032327,99,20
12092499,99,19
6990904,99,19
6972426,99,19
13655923,99,19
7804358,99,19
4181530,99,18
4405982,99,18
7740436,99,18
4447430,99,18
7475557,99,17
8366402,99,17
11082235,99,17
496022,99,16
2215762,99,16
7965521,99,16
9725178,99,15
8473851,99,14
13414159,99,14
7611271,99,14
9279773,99,14
708802,98,221
3987926,98,169
220676,98,160
6676364,98,158
5709298,98,154
1936861,98,143
2698996,98,131
1821633,98,123
3985462,98,121
4793787,98,110
1332786,98,108
4105704,98,104
3528826,98,103
4586590,98,102
6347026,98,100
990668,98,96
994138,98,96
2798787,98,94
4151979,98,88
6954861,98,87
4263736,98,85
3890373,98,83
5889190,98,80
8720718,98,80
6452246,98,80
7330494,98,77
1322461,98,75
2183058,98,73
7310887,98,72
7181950,98,67
7714627,98,66
6326257,98,62
2564544,98,60
3377100,98,60
6296656,98,57
4996375,98,55
6134013,98,48
2915595,98,47
8566407,98,45
4303606,98,43
11924459,98,41
196806,98,41
3032367,98,41
6976,98,41
5874408,98,41
442735,98,40
8734707,98,38
225834,98,38
9698226,98,37
12916551,98,33
10227043,98,33
13054720,98,32
2308630,98,32
8274008,98,32
12052288,98,32
11662212,98,31
1840255,98,30
5743939,98,29
3079305,98,29
8587030,98,29
4526315,98,28
1810397,98,26
5371687,98,26
6238463,98,25
6445917,98,24
13275308,98,24
11334091,98,24
1131634,98,24
8428314,98,23
8384444,98,23
3457722,98,23
9858828,98,22
6038520,98,22
7511838,98,22
2963419,98,20
5076880,98,20
4879702,98,20
5992501,98,20
13107648,98,19
2384107,98,19
7741566,98,19
11618815,98,19
989163,98,19
12849003,98,19
7321217,98,18
1248870,98,17
6677640,98,16
13251243,98,16
395975,98,13
11147761,98,13
4532603,98,13
250983,98,13
13433298,98,13
11454147,98,13
3519768,98,12
12087989,98,12
12930651,98,12
12489916,98,12
95453,98,12
5581575,98,12
2950175,98,12
7134081,98,12
13733887,98,11
11695285,98,11
8846202,98,11
7745117,98,11
4948724,98,11
12581300,98,11
7743569,98,11
13478348,98,10
5620496,98,10
7086825,98,10
11514237,98,10
6629066,98,10
9448243,98,10
13064781,98,10
13101775,98,10
8310894,98,9
8406972,98,9
3198169,98,9
3802530,98,9
13000520,98,9
7178893,98,9
519272,98,9
1365335,98,9
2061478,98,9
13391024,98,8
8515356,98,8
1612842,98,8
6613472,98,8
8579799,98,8
14522917,98,8
10857914,98,8
1584362,97,232
1544702,97,222
4090224,97,176
3988018,97,173
4025194,97,150
4304969,97,135
2395326,97,135
568234,97,132
3616081,97,127
36885,97,125
5940866,97,124
210097,97,115
1171578,97,108
4909590,97,103
7713728,97,96
3945704,97,95
6552654,97,85
8036024,97,84
1252289,97,78
3601030,97,77
4583526,97,75
6316145,97,74
3957602,97,63
749247,97,62
7239024,97,62
8442940,97,60
1732804,97,59
4549374,97,59
5976821,97,59
4000384,97,58
6261296,97,58
9694218,97,55
12269155,97,55
4947526,97,54
3057116,97,53
5582163,97,50
743211,97,49
6317446,97,47
6317722,97,46
2886933,97,46
6730758,97,46
39116,97,46
9180947,97,46
3181719,97,44
1881180,97,43
9144588,97,43
6268805,97,42
1551205,97,40
6310903,97,39
5990808,97,39
3740274,97,36
4977034,97,34
13110347,97,33
7420789,97,33
2848239,97,33
6019555,97,31
6765855,97,31
3591388,97,30
11223924,97,30
2754975,97,30
10083878,97,30
3968797,97,29
12308161,97,29
5125723,97,29
6401859,97,27
8753559,97,27
7708436,97,26
1374466,97,25
6574771,97,25
10106081,97,25
11492423,97,24
1949996,97,23
1510876,97,23
9577988,97,23
7575052,97,23
13591607,97,23
12351909,97,21
11397952,97,21
4662379,97,20
4085362,97,20
6377998,97,19
295285,97,19
6072693,97,16
4489588,97,16
7379913,97,15
4233242,97,15
4034018,97,15
9857049,97,15
13884549,97,15
3668038,97,15
6268082,97,14
7650016,97,14
11740527,97,14
5784404,97,14
6489209,97,14
4777111,97,14
10610205,97,14
3342094,97,14
732999,97,14
6080461,97,13
8118718,97,12
13547301,97,12
1264217,97,12
13927765,97,12
4916260,97,12
12382239,97,11
8737466,97,10
10004575,97,9
3575220,97,8
12339410,97,8
13744821,97,8
11966297,97,8
4350995,97,8
12253029,97,8
6882615,97,7
1899770,97,7
9346513,97,7
12409042,97,7
14125957,97,7
12738641,97,7
8814532,97,7
7956634,97,7
9273395,97,7
14107067,97,7
9078998,97,7
9841140,97,7
8454985,97,7
721979,97,7
12432535,97,7
8934599,97,7
8614167,97,7
7036112,97,6
7244031,97,6
13451383,97,6
2621242,97,6
7475215,97,6
14092792,97,6
1174776,97,6
13156872,97,6
6908672,97,6
13907143,97,6
4742275,97,6
5521378,97,6
13942919,97,6
13415232,97,6
14057189,97,6
2376518,97,1
1136972,96,280
1472520,96,231
1472481,96,231
197972,96,230
447826,96,198
1321422,96,194
3693850,96,184
1115394,96,179
4568116,96,163
6870366,96,133
257588,96,132
625012,96,123
6089865,96,120
5882411,96,115
3166256,96,102
3946215,96,101
1885825,96,97
2881388,96,95
4015972,96,94
3601424,96,93
1692573,96,92
750438,96,91
7692933,96,90
6554785,96,85
6323935,96,82
4340110,96,74
8556025,96,72
7910223,96,71
225979,96,70
4149974,96,70
5593939,96,68
5182313,96,68
2843445,96,67
3520353,96,66
753446,96,65
9259184,96,64
1428355,96,62
1803138,96,62
1203014,96,60
5026613,96,58
8402408,96,57
570493,96,57
11593592,96,57
2326445,96,56
453660,96,55
2216767,96,51
10964552,96,51
2754149,96,50
8310807,96,48
10494550,96,47
1658983,96,46
5870922,96,46
11588543,96,42
9208166,96,42
894539,96,40
4555637,96,40
1223050,96,39
7614517,96,39
5019306,96,38
13306811,96,37
7246272,96,37
12585455,96,36
10356880,96,36
12957423,96,36
2776391,96,34
182049,96,33
7920541,96,33
5616179,96,33
9237653,96,32
831744,96,31
12343588,96,30
705919,96,30
6075932,96,30
7634365,96,29
11758169,96,28
6793945,96,27
5511924,96,26
8193344,96,26
8753913,96,26
705900,96,25
6214710,96,25
5078127,96,24
6886946,96,24
12308927,96,24
9485607,96,24
9414403,96,23
1966195,96,23
5048406,96,23
9292118,96,22
3363097,96,21
1902160,96,20
1810172,96,20
8514932,96,20
13041602,96,20
1094599,96,19
8200839,96,19
369940,96,19
4032756,96,18
7954808,96,18
11397511,96,18
6322283,96,18
1631942,96,18
13032590,96,18
13147585,96,18
932853,96,17
10850420,96,17
1187188,96,17
10333345,96,17
1861070,96,17
8814105,96,17
369880,96,16
6923446,96,16
5999291,96,15
8316068,96,15
50032,96,15
9301075,96,15
6017574,96,15
6276572,96,15
12356962,96,15
7749568,96,15
9757412,96,15
10034592,96,14
12708781,96,14
7054058,96,14
13041752,96,12
7527149,96,11
8310653,96,11
1498719,96,11
11912139,96,11
7931882,96,11
9256035,96,10
13768853,96,10
13584884,96,10
13590412,96,10
4928894,96,10
13028092,96,10
6131224,96,10
11441717,96,10
9250014,96,10
2723274,96,10
4567815,96,10
13993185,96,10
10138904,96,10
9255725,96,10
11653496,96,9
9844242,96,9
13046976,96,9
7508063,96,9
10391455,96,9
8577620,96,9
3673104,96,9
11201204,96,9
3931204,96,9
1234740,96,9
13330146,96,6
13937181,96,5
5959251,96,5
5755910,96,5
5718921,96,5
5762866,96,5
13830152,96,5
6575654,96,5
14242888,96,5
7602994,96,5
56927,96,5
11126122,96,5
13865867,96,5
13494185,96,5
13510994,96,5
11041684,96,5
12071820,96,5
13751426,96,5
2573685,96,5
13674964,96,5
11826815,96,5
10138792,96,5
7553969,96,5
13377097,96,5
14186170,96,5
130552,96,2
1881298,95,192
4820071,95,174
217498,95,120
1885386,95,119
6142396,95,115
60029,95,112
554720,95,108
619142,95,105
1167221,95,97
7881551,95,93
1179399,95,92
3392423,95,91
8252058,95,89
5734770,95,87
1178371,95,85
6741968,95,85
2022303,95,84
69369,95,83
4922204,95,82
2843596,95,79
6134145,95,75
1445064,95,73
1391492,95,71
8065282,95,71
5163162,95,68
4065578,95,68
2930663,95,68
9145242,95,65
4054079,95,61
7033732,95,60
4698367,95,60
6410674,95,59
6453686,95,58
6317304,95,56
8830015,95,55
1067184,95,53
6764572,95,53
4364925,95,52
7277653,95,52
2219399,95,49
9549850,95,48
6695,95,47
1102623,95,47
5967421,95,46
8441187,95,45
8166076,95,45
879929,95,43
9207914,95,43
3659917,95,42
973840,95,42
2862120,95,41
8450098,95,39
3677662,95,38
10231714,95,38
24240,95,37
4331214,95,34
9862792,95,34
10747524,95,34
12309083,95,33
189965,95,33
5086521,95,32
4364989,95,31
4053612,95,30
5862806,95,30
2529318,95,29
5526487,95,28
12987348,95,26
3591359,95,26
1587540,95,26
6426364,95,25
8981656,95,23
801680,95,23
13015767,95,22
12855343,95,22
7931331,95,21
10730,95,21
3755609,95,21
4559774,95,20
6990023,95,20
2114274,95,20
8265182,95,19
4598026,95,19
11760822,95,19
9109401,95,19
4610745,95,18
9680953,95,18
732932,95,18
5478135,95,17
7805515,95,17
7918592,95,17
9541295,95,17
9885963,95,16
2663667,95,16
11634778,95,16
4456987,95,16
4737304,95,15
2660908,95,15
13037372,95,14
6596242,95,14
3371091,95,13
4069422,95,13
8663351,95,13
6065674,95,12
8696200,95,12
12784064,95,11
13056513,95,11
7479725,95,11
6213822,95,11
971393,95,11
6971836,95,10
8211468,95,9
6425318,95,8
7053454,95,8
2848393,95,8
11701611,95,8
3678429,95,8
2555771,95,8
6106955,95,8
1868124,95,8
13992811,95,8
5058148,95,6
11710680,95,5
11734812,95,5
1551467,95,5
3903273,95,5
8112652,95,4
7367795,95,4
14572515,95,4
8388481,95,4
12540640,95,4
2821825,95,4
13684464,95,4
9677207,95,4
13651290,95,4
5532549,95,4
13171246,95,4
13624929,95,4
13671334,95,4
10164759,95,4
4593974,95,4
11563716,95,4
5433246,95,4
14374965,95,4
11687031,95,4
4358181,95,4
13908031,95,4
12372052,95,4
11275963,95,4
13669224,95,4
25418,95,4
11455804,95,4
14713259,95,4
7840131,95,4
322593,94,192
93505,94,166
508017,94,156
1071235,94,152
4553903,94,140
1327725,94,132
177129,94,131
1815326,94,125
3969526,94,111
7880828,94,90
6181758,94,87
2515870,94,86
1758953,94,80
7988755,94,68
7914359,94,65
1839549,94,59
8988506,94,57
2365632,94,55
7540480,94,54
4177233,94,54
4828640,94,54
5174821,94,50
4975581,94,47
11255643,94,45
4075898,94,41
332225,94,41
1113272,94,41
9383459,94,41
10231171,94,38
4278873,94,38
2126053,94,37
3075044,94,36
9731479,94,35
4861476,94,35
9114896,94,34
849408,94,33
3870046,94,33
8422876,94,32
4614037,94,32
8090623,94,32
5166870,94,32
8696236,94,31
2701124,94,31
13393418,94,30
8309711,94,29
8439372,94,29
6151079,94,29
13594886,94,28
11020786,94,28
5380160,94,27
1745339,94,27
1458081,94,27
7836038,94,26
1106555,94,26
3434614,94,25
6300089,94,22
7723492,94,22
4430821,94,22
7725279,94,21
21891,94,21
6465075,94,20
2183117,94,19
13450030,94,19
3309941,94,18
6728273,94,18
777903,94,17
14091605,94,17
1668313,94,17
11767622,94,16
7035556,94,16
4489490,94,16
13110084,94,14
2481019,94,14
801722,94,14
10299047,94,13
13059,94,13
8518091,94,13
12630619,94,10
8813451,94,10
8782592,94,10
9575439,94,10
11240774,94,10
13863117,94,7
13138055,94,7
2943804,94,7
12081834,94,7
7456890,94,7
12463555,94,7
13214949,94,7
7509273,94,7
3006311,94,7
8700820,94,7
12781774,94,7
14204600,94,7
5717528,94,7
2884903,94,6
228883,94,4
1161210,93,163
4765070,93,139
200265,93,118
3749523,93,112
6134867,93,105
2014882,93,104
6924700,93,101
4863101,93,95
2021274,93,94
176006,93,88
8351880,93,71
336946,93,68
6292261,93,65
2174476,93,65
4934600,93,64
4609785,93,57
957224,93,57
4287348,93,56
6523777,93,55
232990,93,55
76073,93,54
8987722,93,51
7482338,93,51
4432035,93,50
4106372,93,49
9107357,93,49
6160803,93,49
3344639,93,45
2811937,93,43
3664031,93,42
2794782,93,40
973695,93,38
6823017,93,35
4402259,93,33
8735827,93,31
585148,93,31
2473997,93,31
4699828,93,30
1827762,93,29
2682662,93,28
6983246,93,28
2292495,93,27
8815257,93,27
5295491,93,26
10328539,93,25
5191658,93,24
4687499,93,24
11211273,93,24
6444148,93,24
6629929,93,23
5791960,93,23
594693,93,23
4065322,93,23
1374434,93,23
13005579,93,22
4638356,93,21
7728508,93,21
7292184,93,21
8354938,93,20
8337048,93,19
530983,93,19
6543678,93,19
1183032,93,19
10434883,93,18
8227206,93,18
3069104,93,17
9834727,93,16
7921649,93,16
4750791,93,16
4670285,93,16
5481243,93,15
12426977,93,15
11067772,93,15
10070404,93,15
2384581,93,14
8131907,93,14
7919500,93,14
8088370,93,14
13002808,93,13
5308475,93,12
533152,93,12
9825415,93,11
13266176,93,11
67774,93,11
531552,93,11
11431331,93,11
579605,93,10
5904732,93,9
12356,93,9
14137262,93,9
2186358,93,9
9750460,93,9
8923817,93,9
1494726,93,9
533114,93,8
13525610,93,8
7476671,93,8
9813223,93,8
11873789,93,8
13044229,93,8
7596262,93,8
9367059,93,8
716643,93,8
9677354,93,7
4287989,93,7
6685682,93,7
13730500,93,7
6927063,93,7
12253499,93,6
14252020,93,6
14300921,93,6
7853971,93,6
10103725,93,6
10427882,93,6
10656899,93,6
7984949,93,6
10607657,93,6
70481,93,6
7475379,93,6
543078,93,6
14040282,93,6
7728499,93,6
4603588,93,5
13709092,93,4
52423,93,4
10353263,93,4
14632821,93,4
12815192,93,4
4787233,93,4
11592067,93,4
7161203,93,3
472070,93,3
11856912,93,3
4181163,93,3
9833460,93,3
8165898,93,3
13685207,93,3
10656206,93,3
13782612,93,3
11276570,93,3
12320063,93,3
13658522,93,3
8973362,93,3
7275018,93,3
8025718,93,3
13778731,93,3
1638584,93,3
12493396,93,3
9344096,93,3
10764250,93,3
14300751,93,3
1352776,93,3
13079659,93,3
13028899,93,3
13864415,93,3
14367134,93,3
13652639,93,3
6444138,93,3
13298108,93,3
4461613,93,3
13004551,93,3
13063952,93,3
10470115,93,3
1358531,93,3
7403927,93,3
4565470,93,3
5652147,93,3
12979965,93,3
7476936,93,3
12383703,93,3
11035223,93,3
12286410,93,3
5280183,93,3
7901248,93,3
414419,92,312
815639,92,281
3012529,92,178
1811776,92,173
3129309,92,171
336960,92,145
163941,92,138
497810,92,135
1591827,92,117
2683284,92,115
3021446,92,107
6006121,92,105
45987,92,98
7003280,92,97
4293597,92,95
4863108,92,88
9896713,92,87
3602379,92,81
6088708,92,78
8930592,92,70
1373520,92,70
3901439,92,66
8052617,92,62
667325,92,58
7823025,92,57
1042420,92,52
2722165,92,50
182613,92,50
3419711,92,47
8799256,92,43
2301709,92,42
1110423,92,42
9685102,92,42
7368611,92,37
11462476,92,31
4089940,92,31
6513924,92,30
7874552,92,29
2916208,92,26
7495866,92,26
1724900,92,26
5526514,92,25
3060038,92,24
4632511,92,23
10524612,92,23
8575476,92,22
5455004,92,22
2187766,92,22
213086,92,22
13019695,92,21
4510513,92,21
7222349,92,21
11008495,92,20
4518756,92,19
12291029,92,19
6089196,92,18
4410142,92,18
6364042,92,17
6801288,92,17
14072256,92,15
7933149,92,15
13110631,92,15
7264674,92,15
13514017,92,14
6992859,92,13
7449448,92,13
11589644,92,13
5454513,92,13
7214920,92,13
3539510,92,12
3303497,92,12
11687122,92,12
1964878,92,12
8886703,92,12
10454061,92,10
5405928,92,10
12870514,92,10
4964365,92,6
60356,92,5
9896359,92,5
2016500,92,5
7986179,92,5
6936712,92,5
13391054,92,5
11590512,92,5
5904992,92,5
8962914,92,5
13414367,92,5
8064980,92,5
8814215,92,5
891661,91,190
225224,91,184
72811,91,123
7693354,91,114
1529321,91,109
169430,91,105
8238404,91,79
5267396,91,73
1426754,91,73
1704090,91,67
3294775,91,62
3653207,91,58
3792147,91,48
466361,91,48
4223387,91,43
1090413,91,42
1341072,91,41
5927267,91,40
8563141,91,37
164418,91,37
5506,91,36
5661246,91,36
2848370,91,36
4278067,91,35
1109224,91,35
8704828,91,34
6432655,91,34
10381729,91,34
3344322,91,32
4900659,91,30
1051482,91,29
9117009,91,27
2014651,91,24
8548176,91,24
3050565,91,23
12560987,91,22
2246959,91,22
4489752,91,22
10253591,91,21
8861069,91,20
12648403,91,20
9855805,91,20
197146,91,20
10997047,91,19
8792,91,18
7921131,91,17
118905,91,17
7746589,91,16
3589267,91,16
4040151,91,15
9727523,91,15
8686165,91,14
13979354,91,14
13327034,91,13
5702292,91,13
9900315,91,11
10706413,91,11
4718577,91,11
13261681,91,11
13434817,91,11
6544715,91,10
627048,91,10
1731639,91,9
12897110,91,9
13592046,91,9
2547129,91,9
3701108,91,9
9971054,91,9
13376457,91,9
1340290,91,9
13874533,91,9
91588,91,8
13864196,91,7
5434353,91,7
13614982,91,7
57800,90,193
5085125,90,121
526970,90,103
311240,90,92
1525494,90,80
6602217,90,66
3412990,90,60
2000797,90,59
1128894,90,50
5364137,90,49
3585343,90,47
5729845,90,47
5844314,90,46
4294835,90,43
2549840,90,39
1141888,90,36
3353,90,34
2694019,90,34
7996844,90,33
4546333,90,30
1166808,90,29
8717204,90,27
11306586,90,26
48612,90,25
4118162,90,25
8340072,90,25
3888360,90,24
4279959,90,24
6378076,90,23
4560053,90,23
1173306,90,23
3788075,90,23
10427199,90,22
12592117,90,21
7649517,90,20
4787359,90,18
2706986,90,16
10569282,90,14
6356533,90,14
6655012,90,14
5064995,90,13
2633478,90,12
3021862,90,12
11842312,90,12
321328,90,11
4261781,90,10
13152370,90,10
9496337,90,10
3094942,90,10
12446656,90,10
7499960,90,9
3131519,90,8
10945407,90,8
13233250,90,8
1340649,90,8
4870883,90,8
9840919,90,8
697078,90,8
8390386,90,7
12515067,90,6
4838985,90,6
2410846,90,6
4787213,90,6
950046,90,6
7018497,90,6
2526773,90,6
1868513,90,6
6690605,90,6
8096900,90,6
13216268,90,6
218259,90,5
3182652,90,5
8373729,90,4
7114655,90,4
3656168,90,4
12566065,90,4
6355733,90,4
12824498,90,4
3967611,90,4
3606396,90,4
8801250,90,4
1867881,90,4
994317,90,4
986399,90,4
12379725,90,4
4547353,90,4
7273770,90,4
7395978,90,3
9855,90,3
13685592,90,3
6843850,90,3
9445192,90,2
12761363,90,2
7868209,90,2
6248526,90,2
11370704,90,2
1717816,90,2
13586491,90,2
13674701,90,2
13653233,90,2
10627514,90,2
14603878,90,2
9791506,90,2
4792901,90,2
13800294,90,2
7784616,90,2
7854872,90,2
13509242,90,2
5769127,90,2
14483758,90,2
10271867,90,2
2412715,90,2
7308811,90,2
9508099,90,2
10268223,90,2
12652181,90,2
11796879,90,2
12812461,90,2
13810937,90,2
5690640,90,2
3704801,90,2
6758443,90,2
6181230,90,2
3522237,90,2
8814479,90,2
12130434,90,2
1755376,90,2
14468407,90,2
14532696,90,2
9130532,90,2
14662927,90,2
14085771,90,2
14057466,90,2
9887664,90,2
13078068,90,2
7095658,90,2
1147871,89,226
205894,89,125
1112193,89,120
716245,89,86
8228903,89,83
8302844,89,78
586994,89,62
2636365,89,60
6119918,89,51
4580825,89,51
1175376,89,49
4573388,89,47
1220971,89,43
7789055,89,38
5054601,89,38
4178790,89,37
2823378,89,31
29155,89,31
3730447,89,29
8224214,89,29
11220522,89,29
7472068,89,27
5899031,89,27
6645010,89,24
6602167,89,23
250345,89,22
10995355,89,20
2998554,89,19
1066767,89,17
1185034,89,16
839265,89,16
1275498,89,15
238846,89,15
12665563,89,13
4635390,89,13
5344465,89,12
7211531,89,12
13994056,89,11
9452993,89,11
6677700,89,11
1092093,89,9
9274587,89,9
3881993,89,8
7840797,89,7
6870485,89,7
12826881,89,7
3164650,89,7
1497879,88,320
916123,88,281
766700,88,244
47521,88,241
22354,88,215
77691,88,194
1038465,88,163
2174711,88,101
1648950,88,81
8238311,88,80
1956275,88,74
8751275,88,64
1197857,88,63
7630346,88,58
6324649,88,54
13589,88,52
2657905,88,49
9382898,88,49
5690424,88,44
5269216,88,43
6075481,88,40
5606682,88,39
3276286,88,39
4518710,88,38
11498523,88,37
6646604,88,30
8782991,88,24
13908638,88,24
6881541,88,24
13007124,88,21
2547075,88,20
12304165,88,20
3289921,88,18
13345701,88,17
18711,88,17
14083611,88,17
693353,88,17
6763785,88,17
14075290,88,16
5952474,88,15
1030500,88,14
13017162,88,14
7855120,88,13
6598203,88,12
3628320,88,12
10475848,88,10
56937,88,10
25142,88,9
11902134,88,9
1701741,88,8
2495047,88,8
12210223,88,8
12049787,88,7
4699742,88,6
7283351,88,5
4431210,88,5
12756776,88,5
13640138,88,5
13521713,88,5
13294824,88,5
8055839,88,5
4479140,88,5
31796,87,291
1615033,87,236
4314054,87,198
536865,87,185
1884045,87,173
2898226,87,130
1112067,87,129
1391215,87,111
2764624,87,109
3727560,87,91
728238,87,88
315982,87,84
179244,87,81
3294152,87,77
4283698,87,55
9362821,87,54
4573238,87,45
8703026,87,43
1887507,87,42
2043541,87,37
3420221,87,36
1644031,87,35
10233104,87,35
12580274,87,35
10113230,87,34
6409811,87,33
179245,87,33
1545185,87,31
8482847,87,30
8649257,87,30
4573458,87,27
7853079,87,21
9857,87,21
5215982,87,20
1303261,87,19
57156,87,17
890705,87,16
3394437,87,14
2247190,87,14
11169560,87,13
11626869,87,12
9239190,87,12
4032126,87,9
4767023,87,9
9845039,87,6
7894645,87,6
7929879,87,6
68902,87,6
14460344,87,6
7840411,87,5
2021489,87,4
38579,87,4
561769,87,4
9496325,87,4
4445906,87,3
13015832,87,3
13081347,87,3
10811,87,3
4261784,87,3
7474615,87,3
8301150,87,3
6759004,87,3
13697966,87,3
5124772,87,3
12344014,87,3
14489201,87,3
7356415,87,3
13031523,87,3
13585624,87,3
3278624,87,3
5768819,87,3
1948096,87,3
1775935,87,3
12020829,87,3
13218392,87,3
195515,87,1
20000,86,271
1141522,86,237
1178106,86,226
1178162,86,215
1850260,86,156
8153848,86,81
3615760,86,76
4080000,86,75
2658094,86,68
658029,86,65
1887581,86,64
7434871,86,57
2372987,86,39
11579622,86,38
3673688,86,36
650956,86,35
2108738,86,34
2848330,86,33
12441,86,29
14072546,86,25
400067,86,20
7721323,86,19
2429961,86,17
7856323,86,17
4518100,86,14
11343485,86,14
2077794,86,14
4518380,86,13
1425973,86,12
21337,86,11
10264774,86,10
3775876,86,10
1864705,86,10
8584276,86,8
27611,86,8
13606268,86,7
8378257,86,7
12264207,86,7
7911936,86,7
11861063,86,7
8014950,86,7
4695542,85,158
5025015,85,99
2846739,85,96
2135075,85,92
4196643,85,72
1550047,85,60
349347,85,55
4205641,85,46
2360109,85,43
11986653,85,38
5990896,85,37
6436334,85,31
2848362,85,30
6686224,85,27
5717690,85,27
12233285,85,26
5293067,85,23
9860,85,22
377474,85,19
9824155,85,14
5649821,85,14
5903001,85,12
6838488,85,6
6955911,85,5
13062783,85,4
10701625,85,4
12517081,85,4
8814039,85,4
13723404,85,4
5834930,85,4
13433317,85,4
6851459,85,4
4577188,84,64
8624898,84,59
5074924,84,55
1342370,84,52
2634361,84,49
12233043,84,37
2842124,84,33
848152,84,31
12233225,84,27
8442314,84,27
1059604,84,26
22212,84,23
5640375,84,20
2043529,84,19
11590000,84,11
11343048,84,11
6568621,84,10
12211821,84,10
8780440,84,10
8439661,84,9
6780300,84,9
12497846,84,8
54944,84,7
2892825,84,7
1277618,84,5
11818157,84,5
8238078,84,5
27141,84,4
3302294,83,133
3410087,83,80
7842550,83,47
7630340,83,40
1602491,83,26
8231382,83,25
9933886,83,23
77681,83,21
11583581,83,20
6780313,83,18
8634599,83,15
5453775,83,14
5639731,83,13
1426711,83,13
8469464,83,8
6908525,83,7
4526384,83,7
13325983,83,7
13378987,83,6
1776190,83,1
1471373,82,73
276450,82,54
11907764,82,42
11498416,82,38
3377871,82,38
12835086,82,18
5601743,82,18
10037387,82,14
2933661,82,14
11398953,82,11
2778656,82,10
4190704,81,81
2441095,81,74
4020650,81,67
28150,81,21
4098410,81,20
13546414,81,18
10426124,81,18
3068453,80,74
2634499,80,41
4860853,80,21
82637,80,16
891953,80,13
4603803,80,13
2189086,80,12
8904297,80,10
13724578,80,8
10266928,80,8
9770477,80,8
9870,80,6
8014383,80,6
13264687,80,6
13677640,80,5
54215,80,5
13642260,80,5
5718801,80,5
1944976,80,5
6089975,80,4
11275661,80,4
6576530,80,4
8191517,80,4
3589869,80,4
10855052,80,4
3250847,80,4
12020004,80,4
10742655,80,4
13113079,80,4
9473811,80,3
9920084,80,3
13379155,80,3
826555,80,3
9610609,80,3
4410765,80,3
7562235,80,3
12432623,80,3
11553697,80,3
13751871,80,3
6425405,80,3
4516065,80,3
7508865,80,3
10234895,80,3
13943142,80,2
8908145,80,2
12067685,80,2
7531700,80,2
13586841,80,2
59776,80,2
11295065,80,2
4452800,80,2
13126713,80,2
13313124,80,2
14504583,80,2
7573274,80,2
8319253,80,2
10117803,80,2
7868931,80,2
7474855,80,2
12927298,80,2
979759,80,2
9110588,80,2
7927765,80,2
13653016,80,2
789843,80,2
13415816,80,2
12290886,80,2
10253416,80,2
11885148,80,2
13082258,80,2
11980767,80,2
13015353,80,2
9918713,80,2
14418593,80,2
7513605,80,2
7358714,80,1
8097903,80,1
13796564,80,1
7860369,80,1
11022736,80,1
12563549,80,1
14398508,80,1
7497047,80,1
12755021,80,1
4652263,80,1
13995573,80,1
6850880,80,1
9854083,80,1
13163259,80,1
13565466,80,1
14673441,80,1
10928093,80,1
13578911,80,1
2021483,80,1
4475740,80,1
6923942,80,1
2729015,80,1
14339562,80,1
10149314,80,1
14743129,80,1
7294565,80,1
10116726,80,1
9349614,80,1
13017064,80,1
8303748,80,1
12383204,80,1
4180178,80,1
14296152,80,1
12997241,80,1
713627,80,1
13711334,80,1
5813992,80,1
7092874,80,1
4736217,80,1
2243499,80,1
8249201,80,1
9897713,80,1
10228228,80,1
9180965,80,1
12904318,80,1
14663819,80,1
12088322,80,1
12603280,80,1
12023024,80,1
12246137,80,1
4315439,80,1
9993602,80,1
10051842,80,1
